SimStep,Vol,Pseudo,L,R,RL,P,pP
0,1,1,0,2,0,8,0
0.01,1,1,0,2,0,8,0
0.02,1,1,0,2,0,8,0
0.03,1,1,0,2,0,8,0
0.04,1,1,0,2,0,8,0
0.05,1,1,0,2,0,8,0
0.06,1,1,0,2,0,8,0
0.07,1,1,0,2,0,8,0
0.08,1,1,0,2,0,8,0
0.09,1,1,0,2,0,8,0
0.1,1,1,0,2,0,8,0
0.11,1,1,0,2,0,8,0
0.12,1,1,0,2,0,8,0
0.13,1,1,0,2,0,8,0
0.14,1,1,0,2,0,8,0
0.15,1,1,0,2,0,8,0
0.16,1,1,0,2,0,8,0
0.17,1,1,0,2,0,8,0
0.18,1,1,0,2,0,8,0
0.19,1,1,0,2,0,8,0
0.2,1,1,0,2,0,8,0
0.21,1,1,0,2,0,8,0
0.22,1,1,0,2,0,8,0
0.23,1,1,0,2,0,8,0
0.24,1,1,0,2,0,8,0
0.25,1,1,0,2,0,8,0
0.26,1,1,0,2,0,8,0
0.27,1,1,0,2,0,8,0
0.28,1,1,0,2,0,8,0
0.29,1,1,0,2,0,8,0
0.3,1,1,0,2,0,8,0
0.31,1,1,0,2,0,8,0
0.32,1,1,0,2,0,8,0
0.33,1,1,0,2,0,8,0
0.34,1,1,0,2,0,8,0
0.35,1,1,0,2,0,8,0
0.36,1,1,0,2,0,8,0
0.37,1,1,0,2,0,8,0
0.38,1,1,0,2,0,8,0
0.39,1,1,0,2,0,8,0
0.4,1,1,0,2,0,8,0
0.41,1,1,0,2,0,8,0
0.42,1,1,0,2,0,8,0
0.43,1,1,0,2,0,8,0
0.44,1,1,0,2,0,8,0
0.45,1,1,0,2,0,8,0
0.46,1,1,0,2,0,8,0
0.47,1,1,0,2,0,8,0
0.48,1,1,0,2,0,8,0
0.49,1,1,0,2,0,8,0
0.5,1,1,0,2,0,8,0
0.51,1,1,0,2,0,8,0
0.52,1,1,0,2,0,8,0
0.53,1,1,0,2,0,8,0
0.54,1,1,0,2,0,8,0
0.55,1,1,0,2,0,8,0
0.56,1,1,0,2,0,8,0
0.57,1,1,0,2,0,8,0
0.58,1,1,0,2,0,8,0
0.59,1,1,0,2,0,8,0
0.6,1,1,0,2,0,8,0
0.61,1,1,0,2,0,8,0
0.62,1,1,0,2,0,8,0
0.63,1,1,0,2,0,8,0
0.64,1,1,0,2,0,8,0
0.65,1,1,0,2,0,8,0
0.66,1,1,0,2,0,8,0
0.67,1,1,0,2,0,8,0
0.68,1,1,0,2,0,8,0
0.69,1,1,0,2,0,8,0
0.7,1,1,0,2,0,8,0
0.71,1,1,0,2,0,8,0
0.72,1,1,0,2,0,8,0
0.73,1,1,0,2,0,8,0
0.74,1,1,0,2,0,8,0
0.75,1,1,0,2,0,8,0
0.76,1,1,0,2,0,8,0
0.77,1,1,0,2,0,8,0
0.78,1,1,0,2,0,8,0
0.79,1,1,0,2,0,8,0
0.8,1,1,0,2,0,8,0
0.81,1,1,0,2,0,8,0
0.82,1,1,0,2,0,8,0
0.83,1,1,0,2,0,8,0
0.84,1,1,0,2,0,8,0
0.85,1,1,0,2,0,8,0
0.86,1,1,0,2,0,8,0
0.87,1,1,0,2,0,8,0
0.88,1,1,0,2,0,8,0
0.89,1,1,0,2,0,8,0
0.9,1,1,0,2,0,8,0
0.91,1,1,0,2,0,8,0
0.92,1,1,0,2,0,8,0
0.93,1,1,0,2,0,8,0
0.94,1,1,0,2,0,8,0
0.95,1,1,0,2,0,8,0
0.96,1,1,0,2,0,8,0
0.97,1,1,0,2,0,8,0
0.98,1,1,0,2,0,8,0
0.99,1,1,0,2,0,8,0
1,1,1,3,2,0,8,0
1.01,1,1,3,1.7,0.3,8,0
1.02,1,1,3,1.448,0.552,7.856,0.144
1.03,1,1,3,1.23632,0.76368,7.60012928,0.39987072
1.04,1,1,3,1.0585088,0.9414912,7.263881398,0.736118602
1.05,1,1,3,0.909147392,1.090852608,6.875632131,1.124367869
1.06,1,1,3,0.783683809,1.216316191,6.459345093,1.540654907
1.07,1,1,3,0.6782944,1.3217056,6.034168379,1.965831621
1.08,1,1,3,0.589767296,1.410232704,5.614619679,2.385380321
1.09,1,1,3,0.515404529,1.484595472,5.211105871,2.788894129
1.1,1,1,3,0.452939804,1.547060196,4.830589644,3.169410356
1.11,1,1,3,0.400469435,1.599530565,4.477279177,3.522720823
1.12,1,1,3,0.356394326,1.643605674,4.153268109,3.846731891
1.13,1,1,3,0.319371234,1.680628766,3.859089963,4.140910037
1.14,1,1,3,0.288271836,1.711728164,3.594175408,4.405824592
1.15,1,1,3,0.262148342,1.737851658,3.35721507,4.64278493
1.16,1,1,3,0.240204608,1.759795392,3.146438111,4.853561889
1.17,1,1,3,0.22177187,1.77822813,2.95981973,5.04018027
1.18,1,1,3,0.206288371,1.793711629,2.795231056,5.204768944
1.19,1,1,3,0.193282232,1.806717768,2.650543818,5.349456182
1.2,1,1,3,0.182357075,1.817642925,2.523700426,5.476299574
1.21,1,1,3,0.173179943,1.826820057,2.41275824,5.58724176
1.22,1,1,3,0.165471152,1.834528848,2.315914984,5.684085016
1.23,1,1,3,0.158995768,1.841004232,2.231520764,5.768479236
1.24,1,1,3,0.153556445,1.846443555,2.158080791,5.841919209
1.25,1,1,3,0.148987414,1.851012586,2.094251905,5.905748095
1.26,1,1,3,0.145149427,1.854850573,2.03883515,5.96116485
1.27,1,1,3,0.141925519,1.858074481,1.990766022,6.009233978
1.28,1,1,3,0.139217436,1.860782564,1.949103549,6.050896451
1.29,1,1,3,0.136942646,1.863057354,1.913018969,6.086981031
1.3,1,1,3,0.135031823,1.864968177,1.881784556,6.118215444
1.31,1,1,3,0.133426731,1.866573269,1.854762921,6.145237079
1.32,1,1,3,0.132078454,1.867921546,1.83139698,6.16860302
1.33,1,1,3,0.130945902,1.869054098,1.811200718,6.188799282
1.34,1,1,3,0.129994557,1.870005443,1.793750769,6.206249231
1.35,1,1,3,0.129195428,1.870804572,1.778678824,6.221321176
1.36,1,1,3,0.12852416,1.87147584,1.76566483,6.23433517
1.37,1,1,3,0.127960294,1.872039706,1.754430941,6.245569059
1.38,1,1,3,0.127486647,1.872513353,1.74473615,6.25526385
1.39,1,1,3,0.127088784,1.872911216,1.736371561,6.263628439
1.4,1,1,3,0.126754578,1.873245422,1.729156228,6.270843772
1.41,1,1,3,0.126473846,1.873526154,1.722933502,6.277066498
1.42,1,1,3,0.12623803,1.87376197,1.717567838,6.282432162
1.43,1,1,3,0.126039946,1.873960055,1.712942005,6.287057995
1.44,1,1,3,0.125873554,1.874126446,1.708954651,6.291045349
1.45,1,1,3,0.125733786,1.874266214,1.705518186,6.294481814
1.46,1,1,3,0.12561638,1.87438362,1.702556933,6.297443067
1.47,1,1,3,0.125517759,1.874482241,1.700005535,6.299994465
1.48,1,1,3,0.125434918,1.874565082,1.697807558,6.302192442
1.49,1,1,3,0.125365331,1.874634669,1.695914286,6.304085714
1.5,1,1,3,0.125306878,1.874693122,1.694283674,6.305716326
1.51,1,1,3,0.125257777,1.874742223,1.692879447,6.307120553
1.52,1,1,3,0.125216533,1.874783467,1.691670309,6.308329691
1.53,1,1,3,0.125181888,1.874818112,1.690629268,6.309370732
1.54,1,1,3,0.125152786,1.874847214,1.689733048,6.310266952
1.55,1,1,3,0.12512834,1.87487166,1.688961578,6.311038422
1.56,1,1,3,0.125107806,1.874892194,1.688297559,6.311702441
1.57,1,1,3,0.125090557,1.874909443,1.687726077,6.312273923
1.58,1,1,3,0.125076068,1.874923932,1.687234281,6.312765719
1.59,1,1,3,0.125063897,1.874936103,1.686811097,6.313188903
1.6,1,1,3,0.125053673,1.874946327,1.686446983,6.313553017
1.61,1,1,3,0.125045086,1.874954914,1.686133719,6.313866281
1.62,1,1,3,0.125037872,1.874962128,1.685864225,6.314135775
1.63,1,1,3,0.125031812,1.874968188,1.685632404,6.314367596
1.64,1,1,3,0.125026722,1.874973278,1.685433004,6.314566996
1.65,1,1,3,0.125022447,1.874977553,1.685261503,6.314738497
1.66,1,1,3,0.125018855,1.874981145,1.685114008,6.314885992
1.67,1,1,3,0.125015839,1.874984162,1.684987169,6.315012831
1.68,1,1,3,0.125013304,1.874986696,1.684878098,6.315121902
1.69,1,1,3,0.125011176,1.874988824,1.684784314,6.315215686
1.7,1,1,3,0.125009388,1.874990612,1.684703679,6.315296321
1.71,1,1,3,0.125007886,1.874992114,1.684634354,6.315365646
1.72,1,1,3,0.125006624,1.874993376,1.684574755,6.315425245
1.73,1,1,3,0.125005564,1.874994436,1.684523522,6.315476478
1.74,1,1,3,0.125004674,1.874995326,1.684479483,6.315520517
1.75,1,1,3,0.125003926,1.874996074,1.684441629,6.315558371
1.76,1,1,3,0.125003298,1.874996702,1.684409094,6.315590906
1.77,1,1,3,0.12500277,1.87499723,1.684381131,6.315618869
1.78,1,1,3,0.125002327,1.874997673,1.6843571,6.3156429
1.79,1,1,3,0.125001955,1.874998045,1.684336448,6.315663552
1.8,1,1,3,0.125001642,1.874998358,1.684318702,6.315681298
1.81,1,1,3,0.125001379,1.874998621,1.684303453,6.315696547
1.82,1,1,3,0.125001159,1.874998841,1.68429035,6.31570965
1.83,1,1,3,0.125000973,1.874999027,1.684279092,6.315720908
1.84,1,1,3,0.125000818,1.874999183,1.68426942,6.31573058
1.85,1,1,3,0.125000687,1.874999313,1.68426111,6.31573889
1.86,1,1,3,0.125000577,1.874999423,1.684253971,6.315746029
1.87,1,1,3,0.125000485,1.874999515,1.684247839,6.315752161
1.88,1,1,3,0.125000407,1.874999593,1.684242571,6.315757429
1.89,1,1,3,0.125000342,1.874999658,1.684238046,6.315761954
1.9,1,1,3,0.125000287,1.874999713,1.684234159,6.315765841
1.91,1,1,3,0.125000241,1.874999759,1.68423082,6.31576918
1.92,1,1,3,0.125000203,1.874999797,1.684227953,6.315772047
1.93,1,1,3,0.12500017,1.87499983,1.68422549,6.31577451
1.94,1,1,3,0.125000143,1.874999857,1.684223375,6.315776625
1.95,1,1,3,0.12500012,1.87499988,1.684221558,6.315778442
1.96,1,1,3,0.125000101,1.874999899,1.684219998,6.315780002
1.97,1,1,3,0.125000085,1.874999915,1.684218659,6.315781341
1.98,1,1,3,0.125000071,1.874999929,1.684217508,6.315782492
1.99,1,1,3,0.12500006,1.87499994,1.684216521,6.315783479
2,1,1,3,0.12500005,1.87499995,1.684215673,6.315784327
2.01,1,1,3,0.125000042,1.874999958,1.684214944,6.315785056
2.02,1,1,3,0.125000035,1.874999965,1.684214319,6.315785681
2.03,1,1,3,0.12500003,1.87499997,1.684213782,6.315786218
2.04,1,1,3,0.125000025,1.874999975,1.684213321,6.315786679
2.05,1,1,3,0.125000021,1.874999979,1.684212925,6.315787075
2.06,1,1,3,0.125000018,1.874999982,1.684212586,6.315787414
2.07,1,1,3,0.125000015,1.874999985,1.684212294,6.315787706
2.08,1,1,3,0.125000012,1.874999988,1.684212044,6.315787956
2.09,1,1,3,0.125000011,1.87499999,1.684211829,6.315788171
2.1,1,1,3,0.125000009,1.874999991,1.684211644,6.315788356
2.11,1,1,3,0.125000007,1.874999993,1.684211486,6.315788514
2.12,1,1,3,0.125000006,1.874999994,1.68421135,6.31578865
2.13,1,1,3,0.125000005,1.874999995,1.684211233,6.315788767
2.14,1,1,3,0.125000004,1.874999996,1.684211133,6.315788867
2.15,1,1,3,0.125000004,1.874999996,1.684211047,6.315788953
2.16,1,1,3,0.125000003,1.874999997,1.684210973,6.315789027
2.17,1,1,3,0.125000003,1.874999997,1.68421091,6.31578909
2.18,1,1,3,0.125000002,1.874999998,1.684210855,6.315789145
2.19,1,1,3,0.125000002,1.874999998,1.684210809,6.315789191
2.2,1,1,3,0.125000002,1.874999998,1.684210769,6.315789231
2.21,1,1,3,0.125000001,1.874999999,1.684210734,6.315789266
2.22,1,1,3,0.125000001,1.874999999,1.684210705,6.315789295
2.23,1,1,3,0.125000001,1.874999999,1.684210679,6.315789321
2.24,1,1,3,0.125000001,1.874999999,1.684210658,6.315789342
2.25,1,1,3,0.125000001,1.874999999,1.684210639,6.315789361
2.26,1,1,3,0.125000001,1.874999999,1.684210623,6.315789377
2.27,1,1,3,0.125000001,1.875,1.684210609,6.315789391
2.28,1,1,3,0.125,1.875,1.684210598,6.315789402
2.29,1,1,3,0.125,1.875,1.684210587,6.315789413
2.3,1,1,3,0.125,1.875,1.684210579,6.315789421
2.31,1,1,3,0.125,1.875,1.684210571,6.315789429
2.32,1,1,3,0.125,1.875,1.684210565,6.315789435
2.33,1,1,3,0.125,1.875,1.684210559,6.315789441
2.34,1,1,3,0.125,1.875,1.684210555,6.315789445
2.35,1,1,3,0.125,1.875,1.684210551,6.315789449
2.36,1,1,3,0.125,1.875,1.684210547,6.315789453
2.37,1,1,3,0.125,1.875,1.684210544,6.315789456
2.38,1,1,3,0.125,1.875,1.684210542,6.315789458
2.39,1,1,3,0.125,1.875,1.68421054,6.31578946
2.4,1,1,3,0.125,1.875,1.684210538,6.315789462
2.41,1,1,3,0.125,1.875,1.684210536,6.315789464
2.42,1,1,3,0.125,1.875,1.684210535,6.315789465
2.43,1,1,3,0.125,1.875,1.684210533,6.315789467
2.44,1,1,3,0.125,1.875,1.684210532,6.315789468
2.45,1,1,3,0.125,1.875,1.684210532,6.315789468
2.46,1,1,3,0.125,1.875,1.684210531,6.315789469
2.47,1,1,3,0.125,1.875,1.68421053,6.31578947
2.48,1,1,3,0.125,1.875,1.68421053,6.31578947
2.49,1,1,3,0.125,1.875,1.684210529,6.315789471
2.5,1,1,3,0.125,1.875,1.684210529,6.315789471
2.51,1,1,3,0.125,1.875,1.684210528,6.315789472
2.52,1,1,3,0.125,1.875,1.684210528,6.315789472
2.53,1,1,3,0.125,1.875,1.684210528,6.315789472
2.54,1,1,3,0.125,1.875,1.684210528,6.315789472
2.55,1,1,3,0.125,1.875,1.684210527,6.315789473
2.56,1,1,3,0.125,1.875,1.684210527,6.315789473
2.57,1,1,3,0.125,1.875,1.684210527,6.315789473
2.58,1,1,3,0.125,1.875,1.684210527,6.315789473
2.59,1,1,3,0.125,1.875,1.684210527,6.315789473
2.6,1,1,3,0.125,1.875,1.684210527,6.315789473
2.61,1,1,3,0.125,1.875,1.684210527,6.315789473
2.62,1,1,3,0.125,1.875,1.684210527,6.315789473
2.63,1,1,3,0.125,1.875,1.684210527,6.315789473
2.64,1,1,3,0.125,1.875,1.684210527,6.315789473
2.65,1,1,3,0.125,1.875,1.684210527,6.315789473
2.66,1,1,3,0.125,1.875,1.684210527,6.315789473
2.67,1,1,3,0.125,1.875,1.684210526,6.315789474
2.68,1,1,3,0.125,1.875,1.684210526,6.315789474
2.69,1,1,3,0.125,1.875,1.684210526,6.315789474
2.7,1,1,3,0.125,1.875,1.684210526,6.315789474
2.71,1,1,3,0.125,1.875,1.684210526,6.315789474
2.72,1,1,3,0.125,1.875,1.684210526,6.315789474
2.73,1,1,3,0.125,1.875,1.684210526,6.315789474
2.74,1,1,3,0.125,1.875,1.684210526,6.315789474
2.75,1,1,3,0.125,1.875,1.684210526,6.315789474
2.76,1,1,3,0.125,1.875,1.684210526,6.315789474
2.77,1,1,3,0.125,1.875,1.684210526,6.315789474
2.78,1,1,3,0.125,1.875,1.684210526,6.315789474
2.79,1,1,3,0.125,1.875,1.684210526,6.315789474
2.8,1,1,3,0.125,1.875,1.684210526,6.315789474
2.81,1,1,3,0.125,1.875,1.684210526,6.315789474
2.82,1,1,3,0.125,1.875,1.684210526,6.315789474
2.83,1,1,3,0.125,1.875,1.684210526,6.315789474
2.84,1,1,3,0.125,1.875,1.684210526,6.315789474
2.85,1,1,3,0.125,1.875,1.684210526,6.315789474
2.86,1,1,3,0.125,1.875,1.684210526,6.315789474
2.87,1,1,3,0.125,1.875,1.684210526,6.315789474
2.88,1,1,3,0.125,1.875,1.684210526,6.315789474
2.89,1,1,3,0.125,1.875,1.684210526,6.315789474
2.9,1,1,3,0.125,1.875,1.684210526,6.315789474
2.91,1,1,3,0.125,1.875,1.684210526,6.315789474
2.92,1,1,3,0.125,1.875,1.684210526,6.315789474
2.93,1,1,3,0.125,1.875,1.684210526,6.315789474
2.94,1,1,3,0.125,1.875,1.684210526,6.315789474
2.95,1,1,3,0.125,1.875,1.684210526,6.315789474
2.96,1,1,3,0.125,1.875,1.684210526,6.315789474
2.97,1,1,3,0.125,1.875,1.684210526,6.315789474
2.98,1,1,3,0.125,1.875,1.684210526,6.315789474
2.99,1,1,3,0.125,1.875,1.684210526,6.315789474
3,1,1,0,0.125,1.875,1.684210526,6.315789474
3.01,1,1,0,0.14375,1.85625,1.684210526,6.315789474
3.02,1,1,0,0.1623125,1.8376875,1.686105263,6.313894737
3.03,1,1,0,0.180689375,1.819310625,1.689610031,6.310389969
3.04,1,1,0,0.198882481,1.801117519,1.694486201,6.305513799
3.05,1,1,0,0.216893656,1.783106344,1.700533488,6.299466512
3.06,1,1,0,0.23472472,1.76527528,1.707583561,6.292416439
3.07,1,1,0,0.252377473,1.747622527,1.715494751,6.284505249
3.08,1,1,0,0.269853698,1.730146302,1.724147672,6.275852328
3.09,1,1,0,0.287155161,1.712844839,1.733441579,6.266558421
3.1,1,1,0,0.304283609,1.695716391,1.743291344,6.256708656
3.11,1,1,0,0.321240773,1.678759227,1.753624941,6.246375059
3.12,1,1,0,0.338028366,1.661971634,1.76438135,6.23561865
3.13,1,1,0,0.354648082,1.645351918,1.775508804,6.224491196
3.14,1,1,0,0.371101601,1.628898399,1.786963331,6.213036669
3.15,1,1,0,0.387390585,1.612609415,1.798707528,6.201292472
3.16,1,1,0,0.403516679,1.596483321,1.810709541,6.189290459
3.17,1,1,0,0.419481512,1.580518488,1.8229422,6.1770578
3.18,1,1,0,0.435286697,1.564713303,1.835382303,6.164617697
3.19,1,1,0,0.45093383,1.54906617,1.848010008,6.151989992
3.2,1,1,0,0.466424492,1.533575508,1.86080832,6.13919168
3.21,1,1,0,0.481760247,1.518239753,1.873762667,6.126237333
3.22,1,1,0,0.496942645,1.503057355,1.886860529,6.113139471
3.23,1,1,0,0.511973218,1.488026782,1.900091137,6.099908863
3.24,1,1,0,0.526853486,1.473146514,1.913445213,6.086554787
3.25,1,1,0,0.541584951,1.458415049,1.926914748,6.073085252
3.26,1,1,0,0.556169102,1.443830898,1.940492817,6.059507183
3.27,1,1,0,0.570607411,1.429392589,1.954173424,6.045826576
3.28,1,1,0,0.584901337,1.415098664,1.96795136,6.03204864
3.29,1,1,0,0.599052323,1.400947677,1.981822099,6.018177901
3.3,1,1,0,0.6130618,1.3869382,1.995781692,6.004218308
3.31,1,1,0,0.626931182,1.373068818,2.009826689,5.990173311
3.32,1,1,0,0.64066187,1.35933813,2.023954067,5.976045933
3.33,1,1,0,0.654255251,1.345744749,2.038161169,5.961838831
3.34,1,1,0,0.667712699,1.332287301,2.052445653,5.947554347
3.35,1,1,0,0.681035572,1.318964428,2.066805446,5.933194554
3.36,1,1,0,0.694225216,1.305774784,2.081238711,5.918761289
3.37,1,1,0,0.707282964,1.292717036,2.095743808,5.904256192
3.38,1,1,0,0.720210134,1.279789866,2.11031927,5.88968073
3.39,1,1,0,0.733008033,1.266991967,2.124963779,5.875036221
3.4,1,1,0,0.745677953,1.254322047,2.139676144,5.860323856
3.41,1,1,0,0.758221173,1.241778827,2.154455282,5.845544718
3.42,1,1,0,0.770638961,1.229361039,2.169300206,5.830699794
3.43,1,1,0,0.782932572,1.217067428,2.184210011,5.815789989
3.44,1,1,0,0.795103246,1.204896754,2.199183859,5.800816141
3.45,1,1,0,0.807152214,1.192847786,2.214220973,5.785779027
3.46,1,1,0,0.819080692,1.180919309,2.229320629,5.770679371
3.47,1,1,0,0.830889885,1.169110115,2.244482144,5.755517856
3.48,1,1,0,0.842580986,1.157419014,2.259704873,5.740295127
3.49,1,1,0,0.854155176,1.145844824,2.274988203,5.725011797
3.5,1,1,0,0.865613624,1.134386376,2.29033155,5.70966845
3.51,1,1,0,0.876957488,1.123042512,2.305734349,5.694265651
3.52,1,1,0,0.888187913,1.111812087,2.321196057,5.678803943
3.53,1,1,0,0.899306034,1.100693966,2.336716145,5.663283855
3.54,1,1,0,0.910312974,1.089687026,2.352294099,5.647705901
3.55,1,1,0,0.921209844,1.078790156,2.367929414,5.632070586
3.56,1,1,0,0.931997745,1.068002255,2.383621595,5.616378405
3.57,1,1,0,0.942677768,1.057322232,2.399370153,5.600629847
3.58,1,1,0,0.95325099,1.04674901,2.415174604,5.584825396
3.59,1,1,0,0.96371848,1.03628152,2.431034469,5.568965531
3.6,1,1,0,0.974081296,1.025918704,2.446949269,5.553050731
3.61,1,1,0,0.984340483,1.015659517,2.462918529,5.537081471
3.62,1,1,0,0.994497078,1.005502922,2.478941775,5.521058225
3.63,1,1,0,1.004552107,0.995447893,2.49501853,5.50498147
3.64,1,1,0,1.014506586,0.985493414,2.511148317,5.488851683
3.65,1,1,0,1.02436152,0.97563848,2.52733066,5.47266934
3.66,1,1,0,1.034117905,0.965882095,2.543565078,5.456434922
3.67,1,1,0,1.043776726,0.956223274,2.559851087,5.440148913
3.68,1,1,0,1.053338959,0.946661042,2.576188204,5.423811796
3.69,1,1,0,1.062805569,0.937194431,2.592575937,5.407424063
3.7,1,1,0,1.072177513,0.927822487,2.609013795,5.390986205
3.71,1,1,0,1.081455738,0.918544262,2.625501281,5.374498719
3.72,1,1,0,1.090641181,0.909358819,2.642037895,5.357962105
3.73,1,1,0,1.099734769,0.900265231,2.65862313,5.34137687
3.74,1,1,0,1.108737421,0.891262579,2.675256478,5.324743522
3.75,1,1,0,1.117650047,0.882349953,2.691937425,5.308062575
3.76,1,1,0,1.126473547,0.873526453,2.70866545,5.29133455
3.77,1,1,0,1.135208811,0.864791189,2.725440031,5.274559969
3.78,1,1,0,1.143856723,0.856143277,2.742260639,5.257739361
3.79,1,1,0,1.152418156,0.847581844,2.759126739,5.240873261
3.8,1,1,0,1.160893974,0.839106026,2.776037793,5.223962207
3.81,1,1,0,1.169285034,0.830714966,2.792993257,5.207006743
3.82,1,1,0,1.177592184,0.822407816,2.809992581,5.190007419
3.83,1,1,0,1.185816262,0.814183738,2.827035212,5.172964788
3.84,1,1,0,1.1939581,0.8060419,2.84412059,5.15587941
3.85,1,1,0,1.202018519,0.797981481,2.861248151,5.138751849
3.86,1,1,0,1.209998333,0.790001667,2.878417324,5.121582676
3.87,1,1,0,1.21789835,0.78210165,2.895627535,5.104372465
3.88,1,1,0,1.225719367,0.774280633,2.912878205,5.087121795
3.89,1,1,0,1.233462173,0.766537827,2.930168748,5.069831252
3.9,1,1,0,1.241127551,0.758872449,2.947498574,5.052501426
3.91,1,1,0,1.248716276,0.751283724,2.964867089,5.035132911
3.92,1,1,0,1.256229113,0.743770887,2.982273693,5.017726307
3.93,1,1,0,1.263666822,0.736333178,2.999717781,5.000282219
3.94,1,1,0,1.271030154,0.728969846,3.017198744,4.982801256
3.95,1,1,0,1.278319852,0.721680148,3.034715968,4.965284032
3.96,1,1,0,1.285536654,0.714463346,3.052268833,4.947731167
3.97,1,1,0,1.292681287,0.707318713,3.069856715,4.930143285
3.98,1,1,0,1.299754474,0.700245526,3.087478988,4.912521012
3.99,1,1,0,1.306756929,0.693243071,3.105135017,4.894864983
4,1,1,0,1.31368936,0.68631064,3.122824167,4.877175833
4.01,1,1,0,1.320552467,0.679447534,3.140545795,4.859454205
4.02,1,1,0,1.327346942,0.672653058,3.158299255,4.841700745
4.03,1,1,0,1.334073472,0.665926528,3.176083898,4.823916102
4.04,1,1,0,1.340732738,0.659267262,3.19389907,4.80610093
4.05,1,1,0,1.34732541,0.65267459,3.211744112,4.788255888
4.06,1,1,0,1.353852156,0.646147844,3.229618363,4.770381637
4.07,1,1,0,1.360313635,0.639686365,3.247521155,4.752478845
4.08,1,1,0,1.366710498,0.633289502,3.26545182,4.73454818
4.09,1,1,0,1.373043393,0.626956607,3.283409684,4.716590316
4.1,1,1,0,1.379312959,0.620687041,3.30139407,4.69860593
4.11,1,1,0,1.38551983,0.61448017,3.319404297,4.680595703
4.12,1,1,0,1.391664632,0.608335369,3.337439681,4.662560319
4.13,1,1,0,1.397747985,0.602252015,3.355499535,4.644500465
4.14,1,1,0,1.403770505,0.596229495,3.373583168,4.626416832
4.15,1,1,0,1.4097328,0.5902672,3.391689885,4.608310115
4.16,1,1,0,1.415635472,0.584364528,3.409818991,4.590181009
4.17,1,1,0,1.421479118,0.578520882,3.427969786,4.572030214
4.18,1,1,0,1.427264326,0.572735674,3.446141566,4.553858434
4.19,1,1,0,1.432991683,0.567008317,3.464333626,4.535666374
4.2,1,1,0,1.438661766,0.561338234,3.482545259,4.517454741
4.21,1,1,0,1.444275149,0.555724851,3.500775753,4.499224247
4.22,1,1,0,1.449832397,0.550167603,3.519024395,4.480975605
4.23,1,1,0,1.455334073,0.544665927,3.53729047,4.46270953
4.24,1,1,0,1.460780732,0.539219268,3.555573261,4.444426739
4.25,1,1,0,1.466172925,0.533827075,3.573872046,4.426127954
4.26,1,1,0,1.471511196,0.528488804,3.592186105,4.407813895
4.27,1,1,0,1.476796084,0.523203916,3.610514714,4.389485286
4.28,1,1,0,1.482028123,0.517971877,3.628857146,4.371142854
4.29,1,1,0,1.487207842,0.512792158,3.647212675,4.352787325
4.3,1,1,0,1.492335763,0.507664237,3.665580571,4.334419429
4.31,1,1,0,1.497412406,0.502587594,3.683960104,4.316039896
4.32,1,1,0,1.502438282,0.497561718,3.702350542,4.297649458
4.33,1,1,0,1.507413899,0.492586101,3.720751152,4.279248848
4.34,1,1,0,1.51233976,0.48766024,3.739161199,4.260838801
4.35,1,1,0,1.517216362,0.482783638,3.757579949,4.242420051
4.36,1,1,0,1.522044199,0.477955801,3.776006663,4.223993337
4.37,1,1,0,1.526823757,0.473176243,3.794440606,4.205559394
4.38,1,1,0,1.531555519,0.468444481,3.812881039,4.187118961
4.39,1,1,0,1.536239964,0.463760036,3.831327223,4.168672777
4.4,1,1,0,1.540877564,0.459122436,3.849778419,4.150221581
4.41,1,1,0,1.545468789,0.454531211,3.868233888,4.131766112
4.42,1,1,0,1.550014101,0.449985899,3.886692889,4.113307111
4.43,1,1,0,1.55451396,0.44548604,3.905154683,4.094845317
4.44,1,1,0,1.55896882,0.44103118,3.923618528,4.076381472
4.45,1,1,0,1.563379132,0.436620868,3.942083686,4.057916314
4.46,1,1,0,1.567745341,0.432254659,3.960549415,4.039450585
4.47,1,1,0,1.572067887,0.427932113,3.979014977,4.020985023
4.48,1,1,0,1.576347208,0.423652792,3.99747963,4.00252037
4.49,1,1,0,1.580583736,0.419416264,4.015942637,3.984057363
4.5,1,1,0,1.584777899,0.415222101,4.034403259,3.965596741
4.51,1,1,0,1.58893012,0.41106988,4.052860757,3.947139243
4.52,1,1,0,1.593040819,0.406959181,4.071314395,3.928685605
4.53,1,1,0,1.597110411,0.402889589,4.089763437,3.910236563
4.54,1,1,0,1.601139306,0.398860694,4.108207147,3.891792853
4.55,1,1,0,1.605127913,0.394872087,4.126644791,3.873355209
4.56,1,1,0,1.609076634,0.390923366,4.145075637,3.854924363
4.57,1,1,0,1.612985868,0.387014132,4.163498953,3.836501047
4.58,1,1,0,1.616856009,0.383143991,4.181914008,3.818085992
4.59,1,1,0,1.620687449,0.379312551,4.200320075,3.799679925
4.6,1,1,0,1.624480575,0.375519425,4.218716425,3.781283575
4.61,1,1,0,1.628235769,0.371764231,4.237102334,3.762897666
4.62,1,1,0,1.631953411,0.368046589,4.255477079,3.744522921
4.63,1,1,0,1.635633877,0.364366123,4.273839937,3.726160063
4.64,1,1,0,1.639277538,0.360722462,4.29219019,3.70780981
4.65,1,1,0,1.642884763,0.357115237,4.310527119,3.689472881
4.66,1,1,0,1.646455915,0.353544085,4.328850011,3.671149989
4.67,1,1,0,1.649991356,0.350008644,4.347158152,3.652841848
4.68,1,1,0,1.653491443,0.346508557,4.365450832,3.634549168
4.69,1,1,0,1.656956528,0.343043472,4.383727342,3.616272658
4.7,1,1,0,1.660386963,0.339613037,4.401986979,3.598013021
4.71,1,1,0,1.663783093,0.336216907,4.42022904,3.57977096
4.72,1,1,0,1.667145262,0.332854738,4.438452825,3.561547175
4.73,1,1,0,1.67047381,0.32952619,4.456657637,3.543342363
4.74,1,1,0,1.673769072,0.326230928,4.474842783,3.525157217
4.75,1,1,0,1.677031381,0.322968619,4.493007573,3.506992427
4.76,1,1,0,1.680261067,0.319738933,4.511151318,3.488848682
4.77,1,1,0,1.683458456,0.316541544,4.529273336,3.470726664
4.78,1,1,0,1.686623872,0.313376128,4.547372946,3.452627054
4.79,1,1,0,1.689757633,0.310242367,4.56544947,3.43455053
4.8,1,1,0,1.692860057,0.307139943,4.583502235,3.416497765
4.81,1,1,0,1.695931456,0.304068544,4.601530571,3.398469429
4.82,1,1,0,1.698972142,0.301027858,4.619533812,3.380466188
4.83,1,1,0,1.70198242,0.29801758,4.637511295,3.362488705
4.84,1,1,0,1.704962596,0.295037404,4.655462363,3.344537637
4.85,1,1,0,1.70791297,0.29208703,4.67338636,3.32661364
4.86,1,1,0,1.71083384,0.28916616,4.691282637,3.308717363
4.87,1,1,0,1.713725502,0.286274498,4.709150547,3.290849453
4.88,1,1,0,1.716588247,0.283411753,4.726989448,3.273010552
4.89,1,1,0,1.719422364,0.280577636,4.744798702,3.255201298
4.9,1,1,0,1.722228141,0.277771859,4.762577677,3.237422323
4.91,1,1,0,1.725005859,0.274994141,4.780325743,3.219674257
4.92,1,1,0,1.727755801,0.272244199,4.798042277,3.201957723
4.93,1,1,0,1.730478243,0.269521757,4.815726658,3.184273342
4.94,1,1,0,1.73317346,0.26682654,4.833378272,3.166621728
4.95,1,1,0,1.735841726,0.264158274,4.850996508,3.149003492
4.96,1,1,0,1.738483309,0.261516692,4.86858076,3.13141924
4.97,1,1,0,1.741098475,0.258901525,4.88613043,3.11386957
4.98,1,1,0,1.743687491,0.256312509,4.90364492,3.09635508
4.99,1,1,0,1.746250616,0.253749384,4.92112364,3.07887636
5,1,1,0,1.74878811,0.25121189,4.938566005,3.061433995
5.01,1,1,0,1.751300229,0.248699772,4.955971435,3.044028565
5.02,1,1,0,1.753787226,0.246212774,4.973339354,3.026660646
5.03,1,1,0,1.756249354,0.243750646,4.990669193,3.009330807
5.04,1,1,0,1.75868686,0.24131314,5.007960387,2.992039613
5.05,1,1,0,1.761099992,0.238900008,5.025212377,2.974787623
5.06,1,1,0,1.763488992,0.236511008,5.042424609,2.957575391
5.07,1,1,0,1.765854102,0.234145898,5.059596535,2.940403465
5.08,1,1,0,1.768195561,0.231804439,5.076727612,2.923272388
5.09,1,1,0,1.770513605,0.229486395,5.093817304,2.906182696
5.1,1,1,0,1.772808469,0.227191531,5.110865079,2.889134921
5.11,1,1,0,1.775080385,0.224919615,5.127870411,2.872129589
5.12,1,1,0,1.777329581,0.222670419,5.14483278,2.85516722
5.13,1,1,0,1.779556285,0.220443715,5.161751672,2.838248328
5.14,1,1,0,1.781760722,0.218239278,5.178626579,2.821373421
5.15,1,1,0,1.783943115,0.216056885,5.195456998,2.804543002
5.16,1,1,0,1.786103684,0.213896316,5.212242433,2.787757567
5.17,1,1,0,1.788242647,0.211757353,5.228982393,2.771017607
5.18,1,1,0,1.79036022,0.20963978,5.245676393,2.754323607
5.19,1,1,0,1.792456618,0.207543382,5.262323954,2.737676046
5.2,1,1,0,1.794532052,0.205467948,5.278924605,2.721075395
5.21,1,1,0,1.796586732,0.203413269,5.295477879,2.704522121
5.22,1,1,0,1.798620864,0.201379136,5.311983315,2.688016685
5.23,1,1,0,1.800634656,0.199365344,5.328440459,2.671559541
5.24,1,1,0,1.802628309,0.197371691,5.344848863,2.655151137
5.25,1,1,0,1.804602026,0.195397974,5.361208085,2.638791915
5.26,1,1,0,1.806556006,0.193443994,5.377517691,2.622482309
5.27,1,1,0,1.808490446,0.191509554,5.39377725,2.60622275
5.28,1,1,0,1.810405541,0.189594459,5.40998634,2.59001366
5.29,1,1,0,1.812301486,0.187698514,5.426144544,2.573855456
5.3,1,1,0,1.814178471,0.185821529,5.442251451,2.557748549
5.31,1,1,0,1.816036686,0.183963314,5.458306659,2.541693341
5.32,1,1,0,1.817876319,0.182123681,5.474309768,2.525690232
5.33,1,1,0,1.819697556,0.180302444,5.490260388,2.509739612
5.34,1,1,0,1.821500581,0.178499419,5.506158135,2.493841865
5.35,1,1,0,1.823285575,0.176714425,5.522002629,2.477997371
5.36,1,1,0,1.825052719,0.174947281,5.537793499,2.462206501
5.37,1,1,0,1.826802192,0.173197808,5.553530379,2.446469621
5.38,1,1,0,1.82853417,0.17146583,5.56921291,2.43078709
5.39,1,1,0,1.830248828,0.169751172,5.58484074,2.41515926
5.4,1,1,0,1.83194634,0.16805366,5.600413522,2.399586478
5.41,1,1,0,1.833626877,0.166373124,5.615930917,2.384069083
5.42,1,1,0,1.835290608,0.164709392,5.631392592,2.368607408
5.43,1,1,0,1.836937702,0.163062298,5.646798219,2.353201781
5.44,1,1,0,1.838568325,0.161431675,5.662147478,2.337852522
5.45,1,1,0,1.840182641,0.159817359,5.677440057,2.322559943
5.46,1,1,0,1.841780815,0.158219185,5.692675647,2.307324353
5.47,1,1,0,1.843363007,0.156636993,5.707853947,2.292146053
5.48,1,1,0,1.844929377,0.155070623,5.722974664,2.277025336
5.49,1,1,0,1.846480083,0.153519917,5.738037509,2.261962491
5.5,1,1,0,1.848015282,0.151984718,5.753042202,2.246957798
5.51,1,1,0,1.849535129,0.150464871,5.767988466,2.232011534
5.52,1,1,0,1.851039778,0.148960222,5.782876033,2.217123967
5.53,1,1,0,1.85252938,0.14747062,5.797704643,2.202295357
5.54,1,1,0,1.854004086,0.145995914,5.812474038,2.187525962
5.55,1,1,0,1.855464046,0.144535954,5.827183969,2.172816031
5.56,1,1,0,1.856909405,0.143090595,5.841834194,2.158165806
5.57,1,1,0,1.858340311,0.141659689,5.856424477,2.143575523
5.58,1,1,0,1.859756908,0.140243092,5.870954586,2.129045414
5.59,1,1,0,1.861159339,0.138840661,5.885424299,2.114575701
5.6,1,1,0,1.862547746,0.137452255,5.899833398,2.100166602
5.61,1,1,0,1.863922268,0.136077732,5.914181672,2.085818328
5.62,1,1,0,1.865283045,0.134716955,5.928468916,2.071531084
5.63,1,1,0,1.866630215,0.133369785,5.942694932,2.057305068
5.64,1,1,0,1.867963913,0.132036087,5.956859527,2.043140473
5.65,1,1,0,1.869284274,0.130715726,5.970962516,2.029037484
5.66,1,1,0,1.870591431,0.129408569,5.985003719,2.014996281
5.67,1,1,0,1.871885517,0.128114483,5.998982961,2.001017039
5.68,1,1,0,1.873166661,0.126833339,6.012900076,1.987099924
5.69,1,1,0,1.874434995,0.125565005,6.026754902,1.973245098
5.7,1,1,0,1.875690645,0.124309355,6.040547285,1.959452715
5.71,1,1,0,1.876933738,0.123066262,6.054277074,1.945722926
5.72,1,1,0,1.878164401,0.121835599,6.067944127,1.932055873
5.73,1,1,0,1.879382757,0.120617243,6.081548307,1.918451693
5.74,1,1,0,1.880588929,0.119411071,6.095089482,1.904910518
5.75,1,1,0,1.88178304,0.11821696,6.108567528,1.891432472
5.76,1,1,0,1.88296521,0.11703479,6.121982325,1.878017675
5.77,1,1,0,1.884135558,0.115864442,6.13533376,1.86466624
5.78,1,1,0,1.885294202,0.114705798,6.148621726,1.851378274
5.79,1,1,0,1.88644126,0.11355874,6.161846121,1.838153879
5.8,1,1,0,1.887576847,0.112423153,6.175006848,1.824993152
5.81,1,1,0,1.888701079,0.111298921,6.188103819,1.811896181
5.82,1,1,0,1.889814068,0.110185932,6.201136947,1.798863053
5.83,1,1,0,1.890915928,0.109084073,6.214106156,1.785893844
5.84,1,1,0,1.892006768,0.107993232,6.227011371,1.772988629
5.85,1,1,0,1.893086701,0.106913299,6.239852525,1.760147475
5.86,1,1,0,1.894155834,0.105844166,6.252629556,1.747370444
5.87,1,1,0,1.895214275,0.104785725,6.265342407,1.734657593
5.88,1,1,0,1.896262132,0.103737868,6.277991028,1.722008972
5.89,1,1,0,1.897299511,0.102700489,6.290575373,1.709424627
5.9,1,1,0,1.898326516,0.101673484,6.303095402,1.696904598
5.91,1,1,0,1.899343251,0.100656749,6.31555108,1.68444892
5.92,1,1,0,1.900349818,0.099650182,6.327942377,1.672057623
5.93,1,1,0,1.90134632,0.09865368,6.340269269,1.659730731
5.94,1,1,0,1.902332857,0.097667143,6.352531738,1.647468262
5.95,1,1,0,1.903309528,0.096690472,6.364729768,1.635270232
5.96,1,1,0,1.904276433,0.095723567,6.376863352,1.623136648
5.97,1,1,0,1.905233669,0.094766331,6.388932485,1.611067515
5.98,1,1,0,1.906181332,0.093818668,6.400937169,1.599062831
5.99,1,1,0,1.907119519,0.092880481,6.41287741,1.58712259
6,1,1,0,1.908048324,0.091951676,6.424753219,1.575246781
6.01,1,1,0,1.90896784,0.09103216,6.436564613,1.563435387
6.02,1,1,0,1.909878162,0.090121838,6.448311612,1.551688388
6.03,1,1,0,1.91077938,0.08922062,6.459994242,1.540005758
6.04,1,1,0,1.911671587,0.088328413,6.471612533,1.528387467
6.05,1,1,0,1.912554871,0.087445129,6.483166521,1.516833479
6.06,1,1,0,1.913429322,0.086570678,6.494656245,1.505343755
6.07,1,1,0,1.914295029,0.085704971,6.50608175,1.49391825
6.08,1,1,0,1.915152078,0.084847922,6.517443085,1.482556915
6.09,1,1,0,1.916000558,0.083999442,6.528740302,1.471259698
6.1,1,1,0,1.916840552,0.083159448,6.539973461,1.460026539
6.11,1,1,0,1.917672147,0.082327853,6.551142622,1.448857378
6.12,1,1,0,1.918495425,0.081504575,6.562247853,1.437752147
6.13,1,1,0,1.919310471,0.080689529,6.573289224,1.426710776
6.14,1,1,0,1.920117366,0.079882634,6.58426681,1.41573319
6.15,1,1,0,1.920916193,0.079083808,6.595180692,1.404819308
6.16,1,1,0,1.921707031,0.078292969,6.606030951,1.393969049
6.17,1,1,0,1.92248996,0.07751004,6.616817675,1.383182325
6.18,1,1,0,1.923265061,0.076734939,6.627540957,1.372459043
6.19,1,1,0,1.92403241,0.07596759,6.638200891,1.361799109
6.2,1,1,0,1.924792086,0.075207914,6.648797577,1.351202423
6.21,1,1,0,1.925544165,0.074455835,6.659331118,1.340668882
6.22,1,1,0,1.926288723,0.073711277,6.669801621,1.330198379
6.23,1,1,0,1.927025836,0.072974164,6.680209197,1.319790803
6.24,1,1,0,1.927755578,0.072244422,6.69055396,1.30944604
6.25,1,1,0,1.928478022,0.071521978,6.700836029,1.299163971
6.26,1,1,0,1.929193242,0.070806758,6.711055525,1.288944475
6.27,1,1,0,1.929901309,0.070098691,6.721212574,1.278787426
6.28,1,1,0,1.930602296,0.069397704,6.731307305,1.268692695
6.29,1,1,0,1.931296273,0.068703727,6.74133985,1.25866015
6.3,1,1,0,1.931983311,0.068016689,6.751310344,1.248689656
6.31,1,1,0,1.932663478,0.067336522,6.761218927,1.238781073
6.32,1,1,0,1.933336843,0.066663157,6.771065741,1.228934259
6.33,1,1,0,1.934003474,0.065996526,6.780850932,1.219149068
6.34,1,1,0,1.93466344,0.06533656,6.790574648,1.209425352
6.35,1,1,0,1.935316805,0.064683195,6.800237041,1.199762959
6.36,1,1,0,1.935963637,0.064036363,6.809838266,1.190161734
6.37,1,1,0,1.936604001,0.063395999,6.819378482,1.180621518
6.38,1,1,0,1.937237961,0.062762039,6.828857848,1.171142152
6.39,1,1,0,1.937865581,0.062134419,6.83827653,1.16172347
6.4,1,1,0,1.938486925,0.061513075,6.847634694,1.152365306
6.41,1,1,0,1.939102056,0.060897944,6.856932509,1.143067491
6.42,1,1,0,1.939711036,0.060288964,6.866170149,1.133829851
6.43,1,1,0,1.940313925,0.059686075,6.875347787,1.124652213
6.44,1,1,0,1.940910786,0.059089214,6.884465602,1.115534398
6.45,1,1,0,1.941501678,0.058498322,6.893523774,1.106476226
6.46,1,1,0,1.942086661,0.057913339,6.902522487,1.097477513
6.47,1,1,0,1.942665795,0.057334205,6.911461925,1.088538075
6.48,1,1,0,1.943239137,0.056760863,6.920342276,1.079657724
6.49,1,1,0,1.943806745,0.056193255,6.929163732,1.070836268
6.5,1,1,0,1.944368678,0.055631322,6.937926484,1.062073516
6.51,1,1,0,1.944924991,0.055075009,6.946630728,1.053369272
6.52,1,1,0,1.945475741,0.054524259,6.955276662,1.044723338
6.53,1,1,0,1.946020984,0.053979016,6.963864483,1.036135517
6.54,1,1,0,1.946560774,0.053439226,6.972394396,1.027605604
6.55,1,1,0,1.947095166,0.052904834,6.980866602,1.019133398
6.56,1,1,0,1.947624215,0.052375785,6.989281309,1.010718691
6.57,1,1,0,1.948147972,0.051852028,6.997638724,1.002361276
6.58,1,1,0,1.948666493,0.051333507,7.005939057,0.994060943
6.59,1,1,0,1.949179828,0.050820172,7.01418252,0.985817481
6.6,1,1,0,1.949688029,0.050311971,7.022369326,0.977630674
6.61,1,1,0,1.950191149,0.049808851,7.030499692,0.969500308
6.62,1,1,0,1.950689238,0.049310762,7.038573835,0.961426165
6.63,1,1,0,1.951182345,0.048817655,7.046591973,0.953408027
6.64,1,1,0,1.951670522,0.048329478,7.054554328,0.945445672
6.65,1,1,0,1.952153817,0.047846183,7.062461123,0.937538877
6.66,1,1,0,1.952632278,0.047367722,7.07031258,0.92968742
6.67,1,1,0,1.953105956,0.046894044,7.078108927,0.921891073
6.68,1,1,0,1.953574896,0.046425104,7.08585039,0.91414961
6.69,1,1,0,1.954039147,0.045960853,7.093537198,0.906462802
6.7,1,1,0,1.954498756,0.045501244,7.101169581,0.898830419
6.71,1,1,0,1.954953768,0.045046232,7.10874777,0.89125223
6.72,1,1,0,1.95540423,0.04459577,7.116271999,0.883728001
6.73,1,1,0,1.955850188,0.044149812,7.123742502,0.876257498
6.74,1,1,0,1.956291686,0.043708314,7.131159513,0.868840487
6.75,1,1,0,1.956728769,0.043271231,7.13852327,0.86147673
6.76,1,1,0,1.957161482,0.042838518,7.145834011,0.854165989
6.77,1,1,0,1.957589867,0.042410133,7.153091974,0.846908026
6.78,1,1,0,1.958013968,0.041986032,7.1602974,0.8397026
6.79,1,1,0,1.958433829,0.041566171,7.16745053,0.83254947
6.8,1,1,0,1.95884949,0.04115051,7.174551605,0.825448395
6.81,1,1,0,1.959260995,0.040739005,7.18160087,0.81839913
6.82,1,1,0,1.959668385,0.040331615,7.188598567,0.811401433
6.83,1,1,0,1.960071702,0.039928298,7.195544943,0.804455057
6.84,1,1,0,1.960470985,0.039529015,7.202440243,0.797559757
6.85,1,1,0,1.960866275,0.039133725,7.209284713,0.790715287
6.86,1,1,0,1.961257612,0.038742388,7.216078602,0.783921398
6.87,1,1,0,1.961645036,0.038354964,7.222822157,0.777177843
6.88,1,1,0,1.962028585,0.037971415,7.229515627,0.770484373
6.89,1,1,0,1.9624083,0.0375917,7.236159262,0.763840738
6.9,1,1,0,1.962784217,0.037215783,7.242753312,0.757246688
6.91,1,1,0,1.963156374,0.036843626,7.249298029,0.750701971
6.92,1,1,0,1.963524811,0.036475189,7.255793662,0.744206338
6.93,1,1,0,1.963889563,0.036110437,7.262240466,0.737759534
6.94,1,1,0,1.964250667,0.035749333,7.268638691,0.731361309
6.95,1,1,0,1.96460816,0.03539184,7.274988591,0.725011409
6.96,1,1,0,1.964962079,0.035037921,7.28129042,0.71870958
6.97,1,1,0,1.965312458,0.034687542,7.28754443,0.71245557
6.98,1,1,0,1.965659333,0.034340667,7.293750877,0.706249123
6.99,1,1,0,1.96600274,0.03399726,7.299910015,0.700089985
7,1,1,0,1.966342713,0.033657287,7.306022098,0.693977902
7.01,1,1,0,1.966679285,0.033320715,7.312087382,0.687912618
7.02,1,1,0,1.967012493,0.032987507,7.318106122,0.681893878
7.03,1,1,0,1.967342368,0.032657632,7.324078573,0.675921427
7.04,1,1,0,1.967668944,0.032331056,7.330004992,0.669995008
7.05,1,1,0,1.967992255,0.032007745,7.335885634,0.664114366
7.06,1,1,0,1.968312332,0.031687668,7.341720756,0.658279244
7.07,1,1,0,1.968629209,0.031370791,7.347510613,0.652489387
7.08,1,1,0,1.968942917,0.031057083,7.353255461,0.646744539
7.09,1,1,0,1.969253487,0.030746513,7.358955557,0.641044443
7.1,1,1,0,1.969560953,0.030439047,7.364611157,0.635388843
7.11,1,1,0,1.969865343,0.030134657,7.370222518,0.629777483
7.12,1,1,0,1.97016669,0.02983331,7.375789894,0.624210106
7.13,1,1,0,1.970465023,0.029534977,7.381313544,0.618686456
7.14,1,1,0,1.970760373,0.029239627,7.386793722,0.613206278
7.15,1,1,0,1.971052769,0.028947231,7.392230684,0.607769316
7.16,1,1,0,1.971342241,0.028657759,7.397624687,0.602375313
7.17,1,1,0,1.971628819,0.028371181,7.402975986,0.597024014
7.18,1,1,0,1.97191253,0.02808747,7.408284836,0.591715164
7.19,1,1,0,1.972193405,0.027806595,7.413551492,0.586448508
7.2,1,1,0,1.972471471,0.027528529,7.41877621,0.58122379
7.21,1,1,0,1.972746756,0.027253244,7.423959244,0.576040756
7.22,1,1,0,1.973019289,0.026980711,7.429100849,0.570899151
7.23,1,1,0,1.973289096,0.026710904,7.434201278,0.565798722
7.24,1,1,0,1.973556205,0.026443795,7.439260785,0.560739215
7.25,1,1,0,1.973820643,0.026179357,7.444279624,0.555720376
7.26,1,1,0,1.974082437,0.025917563,7.449258048,0.550741952
7.27,1,1,0,1.974341612,0.025658388,7.45419631,0.54580369
7.28,1,1,0,1.974598196,0.025401804,7.459094661,0.540905339
7.29,1,1,0,1.974852214,0.025147786,7.463953354,0.536046646
7.3,1,1,0,1.975103692,0.024896308,7.468772639,0.531227361
7.31,1,1,0,1.975352655,0.024647345,7.473552768,0.526447232
7.32,1,1,0,1.975599128,0.024400872,7.478293991,0.521706009
7.33,1,1,0,1.975843137,0.024156863,7.482996558,0.517003442
7.34,1,1,0,1.976084706,0.023915294,7.487660718,0.512339282
7.35,1,1,0,1.976323859,0.023676141,7.49228672,0.50771328
7.36,1,1,0,1.97656062,0.02343938,7.496874812,0.503125188
7.37,1,1,0,1.976795014,0.023204986,7.501425242,0.498574758
7.38,1,1,0,1.977027064,0.022972936,7.505938256,0.494061744
7.39,1,1,0,1.977256793,0.022743207,7.510414102,0.489585898
7.4,1,1,0,1.977484225,0.022515775,7.514853025,0.485146975
7.41,1,1,0,1.977709383,0.022290617,7.51925527,0.48074473
7.42,1,1,0,1.977932289,0.022067711,7.523621082,0.476378918
7.43,1,1,0,1.978152966,0.021847034,7.527950703,0.472049297
7.44,1,1,0,1.978371437,0.021628563,7.532244379,0.467755621
7.45,1,1,0,1.978587722,0.021412278,7.53650235,0.46349765
7.46,1,1,0,1.978801845,0.021198155,7.540724859,0.459275142
7.47,1,1,0,1.979013827,0.020986173,7.544912146,0.455087855
7.48,1,1,0,1.979223688,0.020776312,7.549064451,0.450935549
7.49,1,1,0,1.979431451,0.020568549,7.553182015,0.446817985
7.5,1,1,0,1.979637137,0.020362863,7.557265075,0.442734925
7.51,1,1,0,1.979840766,0.020159234,7.561313869,0.438686131
7.52,1,1,0,1.980042358,0.019957642,7.565328635,0.434671365
7.53,1,1,0,1.980241934,0.019758066,7.569309609,0.430690391
7.54,1,1,0,1.980439515,0.019560485,7.573257026,0.426742974
7.55,1,1,0,1.98063512,0.01936488,7.57717112,0.42282888
7.56,1,1,0,1.980828769,0.019171231,7.581052126,0.418947874
7.57,1,1,0,1.981020481,0.018979519,7.584900276,0.415099724
7.58,1,1,0,1.981210276,0.018789724,7.588715802,0.411284198
7.59,1,1,0,1.981398173,0.018601827,7.592498935,0.407501065
7.6,1,1,0,1.981584192,0.018415808,7.596249906,0.403750094
7.61,1,1,0,1.98176835,0.01823165,7.599968944,0.400031056
7.62,1,1,0,1.981950666,0.018049334,7.603656277,0.396343723
7.63,1,1,0,1.98213116,0.01786884,7.607312133,0.392687867
7.64,1,1,0,1.982309848,0.017690152,7.610936738,0.389063262
7.65,1,1,0,1.982486749,0.017513251,7.614530319,0.385469681
7.66,1,1,0,1.982661882,0.017338118,7.618093098,0.381906902
7.67,1,1,0,1.982835263,0.017164737,7.621625302,0.378374698
7.68,1,1,0,1.983006911,0.016993089,7.625127151,0.374872849
7.69,1,1,0,1.983176841,0.016823159,7.628598868,0.371401132
7.7,1,1,0,1.983345073,0.016654927,7.632040675,0.367959325
7.71,1,1,0,1.983511622,0.016488378,7.63545279,0.36454721
7.72,1,1,0,1.983676506,0.016323494,7.638835432,0.361164568
7.73,1,1,0,1.983839741,0.016160259,7.64218882,0.35781118
7.74,1,1,0,1.984001344,0.015998656,7.645513171,0.354486829
7.75,1,1,0,1.98416133,0.01583867,7.648808699,0.351191301
7.76,1,1,0,1.984319717,0.015680283,7.652075621,0.347924379
7.77,1,1,0,1.98447652,0.01552348,7.655314149,0.344685851
7.78,1,1,0,1.984631754,0.015368246,7.658524498,0.341475502
7.79,1,1,0,1.984785437,0.015214563,7.661706878,0.338293122
7.8,1,1,0,1.984937583,0.015062417,7.6648615,0.3351385
7.81,1,1,0,1.985088207,0.014911793,7.667988575,0.332011425
7.82,1,1,0,1.985237325,0.014762675,7.67108831,0.32891169
7.83,1,1,0,1.985384951,0.014615049,7.674160913,0.325839087
7.84,1,1,0,1.985531102,0.014468898,7.677206592,0.322793408
7.85,1,1,0,1.985675791,0.014324209,7.680225551,0.319774449
7.86,1,1,0,1.985819033,0.014180967,7.683217995,0.316782005
7.87,1,1,0,1.985960843,0.014039157,7.686184127,0.313815873
7.88,1,1,0,1.986101234,0.013898766,7.689124151,0.310875849
7.89,1,1,0,1.986240222,0.013759778,7.692038266,0.307961734
7.9,1,1,0,1.98637782,0.01362218,7.694926674,0.305073326
7.91,1,1,0,1.986514041,0.013485959,7.697789573,0.302210427
7.92,1,1,0,1.986648901,0.013351099,7.700627161,0.299372839
7.93,1,1,0,1.986782412,0.013217588,7.703439636,0.296560364
7.94,1,1,0,1.986914588,0.013085412,7.706227194,0.293772806
7.95,1,1,0,1.987045442,0.012954558,7.708990029,0.291009972
7.96,1,1,0,1.987174988,0.012825012,7.711728334,0.288271666
7.97,1,1,0,1.987303238,0.012696762,7.714442304,0.285557697
7.98,1,1,0,1.987430205,0.012569795,7.717132128,0.282867872
7.99,1,1,0,1.987555903,0.012444097,7.719797998,0.280202002
8,1,1,0,1.987680344,0.012319656,7.722440104,0.277559897
8.01,1,1,0,1.987803541,0.012196459,7.725058632,0.274941368
8.02,1,1,0,1.987925505,0.012074495,7.727653772,0.272346229
8.03,1,1,0,1.98804625,0.01195375,7.730225708,0.269774292
8.04,1,1,0,1.988165788,0.011834212,7.732774625,0.267225375
8.05,1,1,0,1.98828413,0.01171587,7.735300709,0.264699291
8.06,1,1,0,1.988401289,0.011598711,7.737804141,0.262195859
8.07,1,1,0,1.988517276,0.011482724,7.740285103,0.259714897
8.08,1,1,0,1.988632103,0.011367897,7.742743777,0.257256223
8.09,1,1,0,1.988745782,0.011254218,7.745180341,0.254819659
8.1,1,1,0,1.988858324,0.011141676,7.747594974,0.252405026
8.11,1,1,0,1.988969741,0.011030259,7.749987853,0.250012147
8.12,1,1,0,1.989080044,0.010919956,7.752359155,0.247640845
8.13,1,1,0,1.989189243,0.010810757,7.754709055,0.245290945
8.14,1,1,0,1.989297351,0.010702649,7.757037727,0.242962273
8.15,1,1,0,1.989404377,0.010595623,7.759345344,0.240654656
8.16,1,1,0,1.989510333,0.010489667,7.761632078,0.238367923
8.17,1,1,0,1.98961523,0.01038477,7.763898099,0.236101901
8.18,1,1,0,1.989719078,0.010280922,7.766143579,0.233856422
8.19,1,1,0,1.989821887,0.010178113,7.768368684,0.231631316
8.2,1,1,0,1.989923668,0.010076332,7.770573584,0.229426417
8.21,1,1,0,1.990024431,0.009975569,7.772758443,0.227241557
8.22,1,1,0,1.990124187,0.009875813,7.774923429,0.225076571
8.23,1,1,0,1.990222945,0.009777055,7.777068705,0.222931295
8.24,1,1,0,1.990320716,0.009679284,7.779194434,0.220805566
8.25,1,1,0,1.990417509,0.009582491,7.781300779,0.218699221
8.26,1,1,0,1.990513334,0.009486666,7.783387901,0.216612099
8.27,1,1,0,1.9906082,0.0093918,7.785455959,0.214544041
8.28,1,1,0,1.990702118,0.009297882,7.787505114,0.212494886
8.29,1,1,0,1.990795097,0.009204903,7.789535523,0.210464478
8.3,1,1,0,1.990887146,0.009112854,7.791547342,0.208452658
8.31,1,1,0,1.990978275,0.009021725,7.793540728,0.206459273
8.32,1,1,0,1.991068492,0.008931508,7.795515835,0.204484165
8.33,1,1,0,1.991157807,0.008842193,7.797472817,0.202527183
8.34,1,1,0,1.991246229,0.008753771,7.799411827,0.200588173
8.35,1,1,0,1.991333767,0.008666233,7.801333016,0.198666984
8.36,1,1,0,1.991420429,0.008579571,7.803236535,0.196763465
8.37,1,1,0,1.991506225,0.008493775,7.805122534,0.194877466
8.38,1,1,0,1.991591162,0.008408838,7.80699116,0.19300884
8.39,1,1,0,1.991675251,0.008324749,7.808842562,0.191157438
8.4,1,1,0,1.991758498,0.008241502,7.810676886,0.189323114
8.41,1,1,0,1.991840913,0.008159087,7.812494277,0.187505723
8.42,1,1,0,1.991922504,0.008077496,7.81429488,0.185705121
8.43,1,1,0,1.992003279,0.007996721,7.816078837,0.183921163
8.44,1,1,0,1.992083246,0.007916754,7.817846292,0.182153708
8.45,1,1,0,1.992162414,0.007837586,7.819597385,0.180402615
8.46,1,1,0,1.99224079,0.00775921,7.821332258,0.178667742
8.47,1,1,0,1.992318382,0.007681618,7.823051048,0.176948952
8.48,1,1,0,1.992395198,0.007604802,7.824753895,0.175246105
8.49,1,1,0,1.992471246,0.007528754,7.826440936,0.173559064
8.5,1,1,0,1.992546534,0.007453466,7.828112307,0.171887693
8.51,1,1,0,1.992621068,0.007378932,7.829768144,0.170231856
8.52,1,1,0,1.992694858,0.007305142,7.83140858,0.16859142
8.53,1,1,0,1.992767909,0.007232091,7.833033749,0.166966251
8.54,1,1,0,1.99284023,0.00715977,7.834643784,0.165356216
8.55,1,1,0,1.992911828,0.007088172,7.836238815,0.163761185
8.56,1,1,0,1.992982709,0.007017291,7.837818974,0.162181026
8.57,1,1,0,1.993052882,0.006947118,7.83938439,0.16061561
8.58,1,1,0,1.993122353,0.006877647,7.84093519,0.15906481
8.59,1,1,0,1.99319113,0.00680887,7.842471504,0.157528496
8.6,1,1,0,1.993259219,0.006740781,7.843993457,0.156006543
8.61,1,1,0,1.993326626,0.006673374,7.845501174,0.154498826
8.62,1,1,0,1.99339336,0.00660664,7.846994781,0.153005219
8.63,1,1,0,1.993459426,0.006540574,7.848474402,0.151525598
8.64,1,1,0,1.993524832,0.006475168,7.849940158,0.150059842
8.65,1,1,0,1.993589584,0.006410416,7.851392173,0.148607827
8.66,1,1,0,1.993653688,0.006346312,7.852830566,0.147169434
8.67,1,1,0,1.993717151,0.006282849,7.854255458,0.145744542
8.68,1,1,0,1.99377998,0.00622002,7.855666969,0.144333031
8.69,1,1,0,1.99384218,0.00615782,7.857065215,0.142934785
8.7,1,1,0,1.993903758,0.006096242,7.858450315,0.141549685
8.71,1,1,0,1.993964721,0.006035279,7.859822385,0.140177615
8.72,1,1,0,1.994025073,0.005974927,7.86118154,0.13881846
8.73,1,1,0,1.994084823,0.005915177,7.862527894,0.137472106
8.74,1,1,0,1.994143974,0.005856026,7.863861563,0.136138437
8.75,1,1,0,1.994202535,0.005797465,7.865182657,0.134817343
8.76,1,1,0,1.994260509,0.005739491,7.86649129,0.13350871
8.77,1,1,0,1.994317904,0.005682096,7.867787572,0.132212428
8.78,1,1,0,1.994374725,0.005625275,7.869071614,0.130928386
8.79,1,1,0,1.994430978,0.005569022,7.870343524,0.129656476
8.8,1,1,0,1.994486668,0.005513332,7.871603411,0.128396589
8.81,1,1,0,1.994541801,0.005458199,7.872851383,0.127148617
8.82,1,1,0,1.994596383,0.005403617,7.874087546,0.125912454
8.83,1,1,0,1.99465042,0.00534958,7.875312007,0.124687993
8.84,1,1,0,1.994703915,0.005296085,7.87652487,0.12347513
8.85,1,1,0,1.994756876,0.005243124,7.877726239,0.122273761
8.86,1,1,0,1.994809307,0.005190693,7.878916218,0.121083782
8.87,1,1,0,1.994861214,0.005138786,7.88009491,0.11990509
8.88,1,1,0,1.994912602,0.005087398,7.881262416,0.118737585
8.89,1,1,0,1.994963476,0.005036524,7.882418836,0.117581164
8.9,1,1,0,1.995013841,0.004986159,7.883564272,0.116435728
8.91,1,1,0,1.995063703,0.004936297,7.884698821,0.115301179
8.92,1,1,0,1.995113066,0.004886934,7.885822584,0.114177416
8.93,1,1,0,1.995161935,0.004838065,7.886935657,0.113064343
8.94,1,1,0,1.995210316,0.004789684,7.888038137,0.111961863
8.95,1,1,0,1.995258213,0.004741787,7.88913012,0.11086988
8.96,1,1,0,1.995305631,0.004694369,7.890211702,0.109788298
8.97,1,1,0,1.995352574,0.004647426,7.891282977,0.108717023
8.98,1,1,0,1.995399049,0.004600951,7.892344038,0.107655962
8.99,1,1,0,1.995445058,0.004554942,7.89339498,0.10660502
9,1,1,0,1.995490608,0.004509392,7.894435893,0.105564107
9.01,1,1,0,1.995535702,0.004464298,7.89546687,0.10453313
9.02,1,1,0,1.995580344,0.004419656,7.896488,0.103512
9.03,1,1,0,1.995624541,0.004375459,7.897499375,0.102500625
9.04,1,1,0,1.995668296,0.004331704,7.898501083,0.101498917
9.05,1,1,0,1.995711613,0.004288387,7.899493212,0.100506788
9.06,1,1,0,1.995754497,0.004245503,7.90047585,0.09952415
9.07,1,1,0,1.995796952,0.004203048,7.901449085,0.098550915
9.08,1,1,0,1.995838982,0.004161018,7.902413002,0.097586998
9.09,1,1,0,1.995880592,0.004119408,7.903367687,0.096632313
9.1,1,1,0,1.995921786,0.004078214,7.904313225,0.095686775
9.11,1,1,0,1.995962568,0.004037432,7.905249699,0.094750301
9.12,1,1,0,1.996002943,0.003997057,7.906177194,0.093822806
9.13,1,1,0,1.996042913,0.003957087,7.907095792,0.092904208
9.14,1,1,0,1.996082484,0.003917516,7.908005574,0.091994426
9.15,1,1,0,1.996121659,0.003878341,7.908906623,0.091093377
9.16,1,1,0,1.996160443,0.003839557,7.909799018,0.090200982
9.17,1,1,0,1.996198838,0.003801162,7.91068284,0.08931716
9.18,1,1,0,1.99623685,0.00376315,7.911558168,0.088441832
9.19,1,1,0,1.996274481,0.003725519,7.91242508,0.08757492
9.2,1,1,0,1.996311737,0.003688263,7.913283654,0.086716346
9.21,1,1,0,1.996348619,0.003651381,7.914133968,0.085866032
9.22,1,1,0,1.996385133,0.003614867,7.914976098,0.085023902
9.23,1,1,0,1.996421282,0.003578718,7.91581012,0.08418988
9.24,1,1,0,1.996457069,0.003542931,7.916636109,0.083363891
9.25,1,1,0,1.996492498,0.003507502,7.91745414,0.08254586
9.26,1,1,0,1.996527573,0.003472427,7.918264287,0.081735713
9.27,1,1,0,1.996562298,0.003437702,7.919066623,0.080933377
9.28,1,1,0,1.996596675,0.003403325,7.91986122,0.08013878
9.29,1,1,0,1.996630708,0.003369292,7.920648152,0.079351848
9.3,1,1,0,1.996664401,0.003335599,7.921427489,0.078572511
9.31,1,1,0,1.996697757,0.003302243,7.922199302,0.077800698
9.32,1,1,0,1.996730779,0.003269221,7.922963661,0.077036339
9.33,1,1,0,1.996763471,0.003236529,7.923720636,0.076279364
9.34,1,1,0,1.996795837,0.003204163,7.924470296,0.075529704
9.35,1,1,0,1.996827878,0.003172122,7.925212709,0.074787291
9.36,1,1,0,1.9968596,0.0031404,7.925947944,0.074052056
9.37,1,1,0,1.996891004,0.003108996,7.926676066,0.073323934
9.38,1,1,0,1.996922093,0.003077907,7.927397144,0.072602856
9.39,1,1,0,1.996952873,0.003047127,7.928111242,0.071888758
9.4,1,1,0,1.996983344,0.003016656,7.928818427,0.071181573
9.41,1,1,0,1.99701351,0.00298649,7.929518763,0.070481237
9.42,1,1,0,1.997043375,0.002956625,7.930212315,0.069787685
9.43,1,1,0,1.997072942,0.002927058,7.930899145,0.069100855
9.44,1,1,0,1.997102212,0.002897788,7.931579319,0.068420681
9.45,1,1,0,1.99713119,0.00286881,7.932252897,0.067747103
9.46,1,1,0,1.997159878,0.002840122,7.932919943,0.067080057
9.47,1,1,0,1.997188279,0.002811721,7.933580517,0.066419483
9.48,1,1,0,1.997216397,0.002783603,7.934234681,0.06576532
9.49,1,1,0,1.997244233,0.002755767,7.934882494,0.065117506
9.5,1,1,0,1.99727179,0.00272821,7.935524018,0.064475982
9.51,1,1,0,1.997299072,0.002700928,7.936159311,0.063840689
9.52,1,1,0,1.997326082,0.002673918,7.936788432,0.063211568
9.53,1,1,0,1.997352821,0.002647179,7.93741144,0.06258856
9.54,1,1,0,1.997379293,0.002620707,7.938028391,0.061971609
9.55,1,1,0,1.9974055,0.0025945,7.938639345,0.061360655
9.56,1,1,0,1.997431445,0.002568555,7.939244356,0.060755644
9.57,1,1,0,1.99745713,0.00254287,7.939843482,0.060156518
9.58,1,1,0,1.997482559,0.002517441,7.940436778,0.059563222
9.59,1,1,0,1.997507733,0.002492267,7.9410243,0.0589757
9.6,1,1,0,1.997532656,0.002467344,7.941606102,0.058393898
9.61,1,1,0,1.997557329,0.002442671,7.942182239,0.057817761
9.62,1,1,0,1.997581756,0.002418244,7.942752763,0.057247237
9.63,1,1,0,1.997605939,0.002394061,7.94331773,0.05668227
9.64,1,1,0,1.997629879,0.002370121,7.94387719,0.05612281
9.65,1,1,0,1.99765358,0.00234642,7.944431198,0.055568802
9.66,1,1,0,1.997677045,0.002322955,7.944979804,0.055020196
9.67,1,1,0,1.997700274,0.002299726,7.94552306,0.05447694
9.68,1,1,0,1.997723271,0.002276729,7.946061016,0.053938984
9.69,1,1,0,1.997746039,0.002253961,7.946593724,0.053406276
9.7,1,1,0,1.997768578,0.002231422,7.947121234,0.052878766
9.71,1,1,0,1.997790893,0.002209107,7.947643594,0.052356406
9.72,1,1,0,1.997812984,0.002187016,7.948160854,0.051839146
9.73,1,1,0,1.997834854,0.002165146,7.948673063,0.051326937
9.74,1,1,0,1.997856505,0.002143495,7.949180269,0.050819731
9.75,1,1,0,1.99787794,0.00212206,7.949682519,0.050317481
9.76,1,1,0,1.997899161,0.002100839,7.950179861,0.049820139
9.77,1,1,0,1.997920169,0.002079831,7.950672343,0.049327657
9.78,1,1,0,1.997940967,0.002059033,7.951160009,0.048839991
9.79,1,1,0,1.997961558,0.002038442,7.951642907,0.048357093
9.8,1,1,0,1.997981942,0.002018058,7.952121082,0.047878918
9.81,1,1,0,1.998002123,0.001997877,7.952594579,0.047405421
9.82,1,1,0,1.998022102,0.001977898,7.953063443,0.046936557
9.83,1,1,0,1.998041881,0.001958119,7.953527719,0.046472281
9.84,1,1,0,1.998061462,0.001938538,7.95398745,0.04601255
9.85,1,1,0,1.998080847,0.001919153,7.95444268,0.04555732
9.86,1,1,0,1.998100039,0.001899961,7.954893452,0.045106548
9.87,1,1,0,1.998119038,0.001880962,7.955339809,0.044660191
9.88,1,1,0,1.998137848,0.001862152,7.955781793,0.044218207
9.89,1,1,0,1.998156469,0.001843531,7.956219447,0.043780553
9.9,1,1,0,1.998174905,0.001825095,7.956652812,0.043347188
9.91,1,1,0,1.998193156,0.001806844,7.957081928,0.042918072
9.92,1,1,0,1.998211224,0.001788776,7.957506838,0.042493162
9.93,1,1,0,1.998229112,0.001770888,7.957927581,0.042072419
9.94,1,1,0,1.998246821,0.001753179,7.958344198,0.041655802
9.95,1,1,0,1.998264353,0.001735647,7.958756727,0.041243273
9.96,1,1,0,1.998281709,0.001718291,7.95916521,0.04083479
9.97,1,1,0,1.998298892,0.001701108,7.959569684,0.040430316
9.98,1,1,0,1.998315903,0.001684097,7.959970188,0.040029812
9.99,1,1,0,1.998332744,0.001667256,7.960366761,0.039633239
10,1,1,0,1.998349417,0.001650583,7.96075944,0.03924056
